market_id,player_1,player_2,odds_player_1,odds_player_2,actual_winner,winner_name,loser_name,match_date,player_1_clean,player_2_clean,selection_id_1,selection_id_2,implied_prob_1,implied_prob_2,odds_margin,implied_diff
1.208566495,Novak Djokovic,Roberto Carballes Baena,1.03,34.0,Novak Djokovic,Novak Djokovic,Roberto Carballes Baena,2023-01-16,novak djokovic,roberto carballes baena,2249229,7185192,0.970873786407767,0.029411764705882353,0.0002855511136492517,0.9414620217018846
1.208566501,Fabio Fognini,Thanasi Kokkinakis,190.0,1.2,Thanasi Kokkinakis,Thanasi Kokkinakis,Fabio Fognini,2023-01-16,fabio fognini,thanasi kokkinakis,2319544,8172416,0.005263157894736842,0.8333333333333334,-0.16140350877192977,-0.8280701754385965
1.208566507,Andy Murray,Matteo Berrettini,1.01,1000.0,Andy Murray,Andy Murray,Matteo Berrettini,2023-01-16,andy murray,matteo berrettini,2256509,8962036,0.9900990099009901,0.001,-0.008900990099009909,0.9890990099009901
1.208566513,Dominic Thiem,Andrey Rublev,4.2,1.32,Andrey Rublev,Andrey Rublev,Dominic Thiem,2023-01-16,dominic thiem,andrey rublev,5720747,7797771,0.23809523809523808,0.7575757575757576,-0.0043290043290042934,-0.5194805194805194
1.208567542,Luca Van Assche,Cameron Norrie,13.5,1.08,Cameron Norrie,Cameron Norrie,Luca Van Assche,2023-01-16,luca van assche,cameron norrie,27752969,42669524,0.07407407407407407,0.9259259259259258,-1.1102230246251565e-16,-0.8518518518518517
1.208567548,Jordan Thompson,J.j. Wolf,1000.0,1.01,J J Wolf,J J Wolf,Jordan Thompson,2023-01-16,jordan thompson,jj wolf,19924841,35727604,0.001,0.9900990099009901,-0.008900990099009909,-0.9890990099009901
1.208567554,Pablo Carreno Busta,Pedro Cachin,1.1,100.0,Pablo Carreno Busta,Pablo Carreno Busta,Pedro Cachin,2023-01-16,pablo carreno busta,pedro cachin,5479878,8461316,0.9090909090909091,0.01,-0.08090909090909093,0.899090909090909
1.20856756,Marton Fucsovics,Federico Coria,1.16,4.1,Marton Fucsovics,Marton Fucsovics,Federico Coria,2023-01-16,marton fucsovics,federico coria,4827766,8326752,0.8620689655172414,0.24390243902439027,0.10597140454163179,0.6181665264928512
1.208567566,Albert Ramos-Vinolas,Maxime Cressy,5.1,1.25,Maxime Cressy,Maxime Cressy,Albert Ramos,2023-01-16,albert ramos vinolas,maxime cressy,8621877,11510005,0.19607843137254904,0.8,-0.0039215686274509665,-0.603921568627451
1.208567572,Christopher O'Connell,Jenson Brooksby,2.98,1.5,Jenson Brooksby,Jenson Brooksby,Christopher Oconnell,2023-01-16,christopher o'connell,jenson brooksby,8942164,11881072,0.33557046979865773,0.6666666666666666,0.0022371364653244186,-0.3310961968680089
1.208567578,John Millman,Marc-Andrea Huesler,2.28,1.78,John Millman,John Millman,Marc Andrea Huesler,2023-01-16,john millman,marc andrea huesler,4415206,9631939,0.4385964912280702,0.5617977528089888,0.00039424403705901057,-0.1232012615809186
1.208567584,Kyle Edmund,Jannik Sinner,19.0,1.04,Jannik Sinner,Jannik Sinner,Kyle Edmund,2023-01-16,kyle edmund,jannik sinner,5626817,10372253,0.05263157894736842,0.9615384615384615,0.014170040485829816,-0.9089068825910931
1.20856759,Dusan Lajovic,Denis Shapovalov,9.0,1.13,Denis Shapovalov,Denis Shapovalov,Dusan Lajovic,2023-01-16,dusan lajovic,denis shapovalov,4688724,19924829,0.1111111111111111,0.8849557522123894,-0.003933136676499416,-0.7738446411012783
1.208567596,Jeremy Chardy,Daniel Elahi Galan,1.15,8.6,Jeremy Chardy,Jeremy Chardy,Daniel Elahi Galan,2023-01-16,jeremy chardy,daniel elahi galan,2304933,8860646,0.8695652173913044,0.11627906976744186,-0.01415571284125372,0.7532861476238626
1.208567602,Alexander Bublik,Alejandro Davidovich Fokina,120.0,1.01,Alejandro Davidovich Fokina,Alejandro Davidovich Fokina,Alexander Bublik,2023-01-16,alexander bublik,alejandro davidovich fokina,8907933,10901351,0.008333333333333333,0.9900990099009901,-0.001567656765676606,-0.9817656765676568
1.208567608,Vasek Pospisil,Felix Auger-Aliassime,12.5,1.07,Felix Auger Aliassime,Felix Auger Aliassime,Vasek Pospisil,2023-01-16,vasek pospisil,felix auger aliassime,4903598,12210252,0.08,0.9345794392523364,0.014579439252336401,-0.8545794392523365
1.208567614,Zhizhen Zhang,Ben Shelton,3.1,1.49,Ben Shelton,Ben Shelton,Zhizhen Zhang,2023-01-16,zhizhen zhang,ben shelton,9628959,39460566,0.3225806451612903,0.6711409395973155,-0.006278415241394164,-0.34856029443602515
1.20856762,Jason Kubler,Sebastian Baez,1.36,3.65,Jason Kubler,Jason Kubler,Sebastian Baez,2023-01-16,jason kubler,sebastian baez,4448756,11285506,0.7352941176470588,0.273972602739726,0.009266720386784666,0.46132151490733275
1.208567626,Richard Gasquet,Ugo Humbert,200.0,2.12,Ugo Humbert,Ugo Humbert,Richard Gasquet,2023-01-16,richard gasquet,ugo humbert,2249399,9633253,0.005,0.4716981132075471,-0.5233018867924528,-0.4666981132075471
1.208567639,Alexei Popyrin,Chun-Hsin Tseng,1.18,6.4,Alexei Popyrin,Alexei Popyrin,Chun Hsin Tseng,2023-01-16,alexei popyrin,chun hsin tseng,10706479,24432271,0.8474576271186441,0.15625,0.00370762711864403,0.6912076271186441
1.2085677,Karen Khachanov,Bernabe Zapata Miralles,1.07,21.0,Karen Khachanov,Karen Khachanov,Bernabe Zapata Miralles,2023-01-16,karen khachanov,bernabe zapata miralles,7659623,9630472,0.9345794392523364,0.047619047619047616,-0.017801513128615998,0.8869603916332889
1.208567706,John Isner,Adrian Mannarino,1.39,2.2,Adrian Mannarino,Adrian Mannarino,John Isner,2023-01-16,john isner,adrian mannarino,2474763,3066621,0.7194244604316548,0.45454545454545453,0.17396991497710923,0.2648790058862002
1.208567757,Filip Krajinovic,Holger Rune,50.0,1.2,Holger Rune,Holger Rune,Filip Krajinovic,2023-01-16,filip krajinovic,holger rune,3509265,39127965,0.02,0.8333333333333334,-0.1466666666666666,-0.8133333333333334
1.208567763,Mackenzie McDonald,Brandon Nakashima,2.82,1.49,Mackenzie Mcdonald,Mackenzie Mcdonald,Brandon Nakashima,2023-01-16,mackenzie mcdonald,brandon nakashima,7569897,17806048,0.3546099290780142,0.6711409395973155,0.025750868675329608,-0.31653101051930127
1.208567775,Gregoire Barrere,Tomas Martin Etcheverry,30.0,1.05,Tomas Martin Etcheverry,Tomas Martin Etcheverry,Gregoire Barrere,2023-01-16,gregoire barrere,tomas martin etcheverry,8842295,9631399,0.03333333333333333,0.9523809523809523,-0.014285714285714346,-0.919047619047619
1.208567781,Constant Lestienne,Thiago Monteiro,2.2,1.86,Constant Lestienne,Constant Lestienne,Thiago Monteiro,2023-01-16,constant lestienne,thiago monteiro,7797931,8326656,0.45454545454545453,0.5376344086021505,-0.00782013685239491,-0.08308895405669597
1.208567787,Marcos Giron,Daniil Medvedev,23.0,1.04,Daniil Medvedev,Daniil Medvedev,Marcos Giron,2023-01-16,marcos giron,daniil medvedev,8230256,19924831,0.043478260869565216,0.9615384615384615,0.0050167224080266415,-0.9180602006688963
1.208567793,Christopher Eubanks,Soonwoo Kwon,1.01,21.0,Christopher Eubanks,Christopher Eubanks,Soon Woo Kwon,2023-01-16,christopher eubanks,soonwoo kwon,7445660,16149526,0.9900990099009901,0.047619047619047616,0.03771805752003776,0.9424799622819424
1.208567799,Yoshihito Nishioka,Mikael Ymer,2.24,1.8,Yoshihito Nishioka,Yoshihito Nishioka,Mikael Ymer,2023-01-16,yoshihito nishioka,mikael ymer,7137497,8679651,0.4464285714285714,0.5555555555555556,0.001984126984126977,-0.10912698412698418
1.208567805,Casper Ruud,Tomas Machac,1.21,190.0,Casper Ruud,Casper Ruud,Tomas Machac,2023-01-16,casper ruud,tomas machac,9629711,16149495,0.8264462809917356,0.005263157894736842,-0.16829056111352758,0.8211831230969987
1.208567811,Grigor Dimitrov,Aslan Karatsev,1.42,3.35,Grigor Dimitrov,Grigor Dimitrov,Aslan Karatsev,2023-01-16,grigor dimitrov,aslan karatsev,3120169,7659748,0.7042253521126761,0.29850746268656714,0.002732814799243144,0.405717889426109
1.208567817,Lloyd Harris,Lorenzo Musetti,1.01,1.38,Lloyd Harris,Lloyd Harris,Lorenzo Musetti,2023-01-16,lloyd harris,lorenzo musetti,11313212,13834991,0.9900990099009901,0.7246376811594204,0.7147366910604105,0.2654613287415697
1.208567823,Alex Molcan,Stan Wawrinka,1.01,11.5,Alex Molcan,Alex Molcan,Stan Wawrinka,2023-01-16,alex molcan,stan wawrinka,8960879,19924832,0.9900990099009901,0.08695652173913043,0.07705553164012047,0.9031424881618597
1.208567829,Nikoloz Basilashvili,Taylor Fritz,23.0,1.04,Taylor Fritz,Taylor Fritz,Nikoloz Basilashvili,2023-01-16,nikoloz basilashvili,taylor fritz,8257807,10279360,0.043478260869565216,0.9615384615384615,0.0050167224080266415,-0.9180602006688963
1.208567847,Corentin Moutet,Yibing Wu,1.01,21.0,Corentin Moutet,Corentin Moutet,Yibing Wu,2023-01-16,corentin moutet,yibing wu,8842291,9633377,0.9900990099009901,0.047619047619047616,0.03771805752003776,0.9424799622819424
1.208567853,Quentin Halys,Stefanos Tsitsipas,65.0,1.01,Stefanos Tsitsipas,Stefanos Tsitsipas,Quentin Halys,2023-01-16,quentin halys,stefanos tsitsipas,7287690,9193006,0.015384615384615385,0.9900990099009901,0.00548362528560542,-0.9747143945163748
1.208567859,Lorenzo Sonego,Nuno Borges,1.32,4.1,Lorenzo Sonego,Lorenzo Sonego,Nuno Borges,2023-01-16,lorenzo sonego,nuno borges,8826925,9633043,0.7575757575757576,0.24390243902439027,0.0014781966001478075,0.5136733185513673
1.208567865,Sebastian Korda,Cristian Garin,1.09,11.0,Sebastian Korda,Sebastian Korda,Cristian Garin,2023-01-16,sebastian korda,cristian garin,10902223,23814703,0.9174311926605504,0.09090909090909091,0.008340283569641338,0.8265221017514595
1.208567871,Pedro Martinez,Hubert Hurkacz,21.0,1.05,Hubert Hurkacz,Hubert Hurkacz,Pedro Martinez,2023-01-16,pedro martinez,hubert hurkacz,13181195,19924838,0.047619047619047616,0.9523809523809523,0.0,-0.9047619047619047
1.208567877,Daniel Altmaier,Frances Tiafoe,12.5,1.1,Frances Tiafoe,Frances Tiafoe,Daniel Altmaier,2023-01-16,daniel altmaier,frances tiafoe,9632088,19924839,0.08,0.9090909090909091,-0.01090909090909098,-0.8290909090909091
1.208567889,Ilya Ivashka,Botic Van de Zandschulp,75.0,1.01,Botic Van De Zandschulp,Botic Van De Zandschulp,Ilya Ivashka,2023-01-16,ilya ivashka,botic van de zandschulp,19924837,40921814,0.013333333333333334,0.9900990099009901,0.0034323432343235094,-0.9767656765676568
1.20857502,Diego Schwartzman,Oleksii Krutykh,1.71,8.6,Diego Schwartzman,Diego Schwartzman,Oleksii Krutykh,2023-01-16,diego schwartzman,oleksii krutykh,8736474,19064021,0.5847953216374269,0.11627906976744186,-0.2989256085951313,0.468516251869985
1.208575026,Taro Daniel,Ernesto Escobedo,1.01,2.78,Taro Daniel,Taro Daniel,Ernesto Escobedo,2023-01-16,taro daniel,ernesto escobedo,8173434,8700174,0.9900990099009901,0.3597122302158274,0.3498112401168174,0.6303867796851628
1.208575045,Yannick Hanfmann,Rinky Hijikata,29.0,1.01,Rinky Hijikata,Rinky Hijikata,Yannick Hanfmann,2023-01-16,yannick hanfmann,rinky hijikata,8639275,12343905,0.034482758620689655,0.9900990099009901,0.024581768521679814,-0.9556162512803005
1.208575051,Aleksandar Vukic,Brandon Holt,100.0,1.97,Brandon Holt,Brandon Holt,Aleksandar Vukic,2023-01-16,aleksandar vukic,brandon holt,8979695,10410230,0.01,0.5076142131979695,-0.4823857868020305,-0.4976142131979695
1.208575057,Nicolas Jarry,Miomir Kecmanovic,4.0,75.0,Nicolas Jarry,Nicolas Jarry,Miomir Kecmanovic,2023-01-16,nicolas jarry,miomir kecmanovic,8260515,9657480,0.25,0.013333333333333334,-0.7366666666666667,0.23666666666666666
1.208575164,Oscar Otte,Juncheng Shang,4.5,1.09,Juncheng Shang,Juncheng Shang,Oscar Otte,2023-01-16,oscar otte,juncheng shang,9624731,38901959,0.2222222222222222,0.9174311926605504,0.1396534148827726,-0.6952089704383282
1.208575172,Jaume Munar,Dalibor Svrcina,1.51,2.98,Dalibor Svrcina,Dalibor Svrcina,Jaume Munar,2023-01-16,jaume munar,dalibor svrcina,9350385,13714711,0.6622516556291391,0.33557046979865773,-0.002177874572203198,0.3266811858304814
1.208575184,Emil Ruusuvuori,Max Purcell,1.27,100.0,Emil Ruusuvuori,Emil Ruusuvuori,Max Purcell,2023-01-16,emil ruusuvuori,max purcell,8979329,10460213,0.7874015748031495,0.01,-0.20259842519685045,0.7774015748031495
1.20857519,Jan-Lennard Struff,Tommy Paul,3.4,1.45,Tommy Paul,Tommy Paul,Jan Lennard Struff,2023-01-16,jan lennard struff,tommy paul,8259098,8859306,0.29411764705882354,0.6896551724137931,-0.016227180527383256,-0.3955375253549696
1.208575685,Laslo Djere,Zizou Bergs,1.5,2.9,Laslo Djere,Laslo Djere,Zizou Bergs,2023-01-16,laslo djere,zizou bergs,7692106,9634024,0.6666666666666666,0.3448275862068966,0.011494252873563315,0.32183908045977005
1.208595656,Juan Pablo Varillas,Alexander Zverev,38.0,1.01,Alexander Zverev,Alexander Zverev,Juan Pablo Varillas,2023-01-16,juan pablo varillas,alexander zverev,11772759,19924823,0.02631578947368421,0.9900990099009901,0.016414799374674383,-0.9637832204273059
1.2087433,Corentin Moutet,Francisco Cerundolo,22.0,1.01,Francisco Cerundolo,Francisco Cerundolo,Corentin Moutet,2023-01-16,corentin moutet,francisco cerundolo,8842291,11204210,0.045454545454545456,0.9900990099009901,0.035553555355535504,-0.9446444644464447
1.208743605,Sebastian Korda,Yosuke Watanuki,1.01,90.0,Sebastian Korda,Sebastian Korda,Yosuke Watanuki,2023-01-16,sebastian korda,yosuke watanuki,10902223,19924830,0.9900990099009901,0.011111111111111112,0.0012101210121011619,0.978987898789879
1.208744242,Denis Kudla,Roman Safiullin,1.01,110.0,Denis Kudla,Denis Kudla,Roman Safiullin,2023-01-16,denis kudla,roman safiullin,4829260,9125686,0.9900990099009901,0.00909090909090909,-0.0008100810081008714,0.981008100810081
1.208745476,Jason Kubler,Karen Khachanov,4.3,1.3,Karen Khachanov,Karen Khachanov,Jason Kubler,2023-01-16,jason kubler,karen khachanov,4448756,7659623,0.23255813953488372,0.7692307692307692,0.0017889087656528524,-0.5366726296958855
1.208745572,Yoshihito Nishioka,Dalibor Svrcina,1.3,990.0,Yoshihito Nishioka,Yoshihito Nishioka,Dalibor Svrcina,2023-01-16,yoshihito nishioka,dalibor svrcina,7137497,13714711,0.7692307692307692,0.00101010101010101,-0.22975912975912982,0.7682206682206681
1.208745668,Tallon Griekspoor,Botic Van de Zandschulp,2.2,1.82,Tallon Griekspoor,Tallon Griekspoor,Botic Van De Zandschulp,2023-01-16,tallon griekspoor,botic van de zandschulp,9198585,40921814,0.45454545454545453,0.5494505494505494,0.003996003996003861,-0.09490509490509486
1.208745764,Taro Daniel,Denis Shapovalov,6.6,1.17,Denis Shapovalov,Denis Shapovalov,Taro Daniel,2023-01-16,taro daniel,denis shapovalov,8173434,19924829,0.15151515151515152,0.8547008547008548,0.006216006216006376,-0.7031857031857033
1.208746105,Rafael Nadal,Mackenzie McDonald,1000.0,1.01,Mackenzie Mcdonald,Mackenzie Mcdonald,Rafael Nadal,2023-01-16,rafael nadal,mackenzie mcdonald,2251410,10691901,0.001,0.9900990099009901,-0.008900990099009909,-0.9890990099009901
1.208747651,Lorenzo Sonego,Hubert Hurkacz,4.3,1.31,Hubert Hurkacz,Hubert Hurkacz,Lorenzo Sonego,2023-01-16,lorenzo sonego,hubert hurkacz,8826925,19924838,0.23255813953488372,0.7633587786259541,-0.004083081839162173,-0.5308006390910704
1.208747747,Christopher Eubanks,Jiri Lehecka,3.15,1.46,Jiri Lehecka,Jiri Lehecka,Christopher Eubanks,2023-01-16,christopher eubanks,jiri lehecka,7445660,13203243,0.31746031746031744,0.684931506849315,0.002391824309632362,-0.3674711893889976
1.208750606,Stefanos Tsitsipas,Rinky Hijikata,1.04,22.0,Stefanos Tsitsipas,Stefanos Tsitsipas,Rinky Hijikata,2023-01-16,stefanos tsitsipas,rinky hijikata,9193006,12343905,0.9615384615384615,0.045454545454545456,0.006993006993006867,0.916083916083916
1.208750919,Constant Lestienne,Cameron Norrie,11.0,1.1,Cameron Norrie,Cameron Norrie,Constant Lestienne,2023-01-16,constant lestienne,cameron norrie,7797931,42669524,0.09090909090909091,0.9090909090909091,0.0,-0.8181818181818181
1.208752082,Alex Molcan,Felix Auger-Aliassime,13.5,1.07,Felix Auger Aliassime,Felix Auger Aliassime,Alex Molcan,2023-01-16,alex molcan,felix auger aliassime,8960879,12210252,0.07407407407407407,0.9345794392523364,0.008653513326410511,-0.8605053651782624
1.208755649,Marton Fucsovics,Lloyd Harris,1.98,1.97,Marton Fucsovics,Marton Fucsovics,Lloyd Harris,2023-01-16,marton fucsovics,lloyd harris,4827766,11313212,0.5050505050505051,0.5076142131979695,0.012664718248474482,-0.0025637081474644274
1.208782724,Grigor Dimitrov,Laslo Djere,1.31,1000.0,Grigor Dimitrov,Grigor Dimitrov,Laslo Djere,2023-01-16,grigor dimitrov,laslo djere,3120169,7692106,0.7633587786259541,0.001,-0.23564122137404586,0.7623587786259541
1.208787744,Pablo Carreno Busta,Benjamin Bonzi,1.38,3.65,Benjamin Bonzi,Benjamin Bonzi,Pablo Carreno Busta,2023-01-16,pablo carreno busta,benjamin bonzi,5479878,9632014,0.7246376811594204,0.273972602739726,-0.0013897161008535885,0.4506650784196944
1.208791811,Tommy Paul,"Alejandro Davidovich Fokina
",1.5,3.0,Tommy Paul,Tommy Paul,Alejandro Davidovich Fokina,2023-01-16,tommy paul,alejandro davidovich fokina,8859306,11265008,0.6666666666666666,0.3333333333333333,0.0,0.3333333333333333
1.208791981,Diego Schwartzman,JJ Wolf,2.8,1.54,J J Wolf,J J Wolf,Diego Schwartzman,2023-01-16,diego schwartzman,jj wolf,8736474,42316645,0.35714285714285715,0.6493506493506493,0.006493506493506551,-0.2922077922077922
1.208797267,Nicolas Jarry,Ben Shelton,12.0,2.64,Ben Shelton,Ben Shelton,Nicolas Jarry,2023-01-16,nicolas jarry,ben shelton,8260515,39460566,0.08333333333333333,0.3787878787878788,-0.5378787878787878,-0.29545454545454547
1.208799621,Casper Ruud,Jenson Brooksby,1.3,4.2,Jenson Brooksby,Jenson Brooksby,Casper Ruud,2023-01-16,casper ruud,jenson brooksby,9629711,11881072,0.7692307692307692,0.23809523809523808,0.0073260073260073,0.531135531135531
1.208799955,Taylor Fritz,Alexei Popyrin,130.0,1.01,Alexei Popyrin,Alexei Popyrin,Taylor Fritz,2023-01-16,taylor fritz,alexei popyrin,10279360,10706479,0.007692307692307693,0.9900990099009901,-0.002208682406702245,-0.9824067022086824
1.208831573,Michael Mmoh,Alexander Zverev,1.01,100.0,Michael Mmoh,Michael Mmoh,Alexander Zverev,2023-01-16,michael mmoh,alexander zverev,8798905,19924823,0.9900990099009901,0.01,9.90099009900991e-05,0.9800990099009901
1.208831735,Andrey Rublev,Emil Ruusuvuori,1.01,5.3,Andrey Rublev,Andrey Rublev,Emil Ruusuvuori,2023-01-16,andrey rublev,emil ruusuvuori,7797771,8979329,0.9900990099009901,0.18867924528301888,0.17877825518400892,0.8014197646179713
1.208835389,Karen Khachanov,Frances Tiafoe,1.01,100.0,Karen Khachanov,Karen Khachanov,Frances Tiafoe,2023-01-16,karen khachanov,frances tiafoe,7659623,19924839,0.9900990099009901,0.01,9.90099009900991e-05,0.9800990099009901
1.20883577,Andy Murray,Thanasi Kokkinakis,1.01,1000.0,Andy Murray,Andy Murray,Thanasi Kokkinakis,2023-01-16,andy murray,thanasi kokkinakis,2256509,8172416,0.9900990099009901,0.001,-0.008900990099009909,0.9890990099009901
1.208835867,Roberto Bautista Agut,Brandon Holt,1.11,9.4,Roberto Bautista Agut,Roberto Bautista Agut,Brandon Holt,2023-01-16,roberto bautista agut,brandon holt,4290403,10410230,0.9009009009009008,0.10638297872340426,0.007283879624305101,0.7945179221774965
1.208835965,Adrian Mannarino,Alex De Minaur,6.4,1.17,Alex De Minaur,Alex De Minaur,Adrian Mannarino,2023-01-16,adrian mannarino,alex de minaur,3066621,10109527,0.15625,0.8547008547008548,0.010950854700854773,-0.6984508547008548
1.208836061,Maxime Cressy,Holger Rune,1000.0,1.21,Holger Rune,Holger Rune,Maxime Cressy,2023-01-16,maxime cressy,holger rune,11510005,39127965,0.001,0.8264462809917356,-0.17255371900826444,-0.8254462809917356
1.208837911,Yoshihito Nishioka,Mackenzie McDonald,1.01,110.0,Yoshihito Nishioka,Yoshihito Nishioka,Mackenzie Mcdonald,2023-01-16,yoshihito nishioka,mackenzie mcdonald,7137497,10691901,0.9900990099009901,0.00909090909090909,-0.0008100810081008714,0.981008100810081
1.208840033,Novak Djokovic,Enzo Couacaud,1.03,36.0,Novak Djokovic,Novak Djokovic,Enzo Couacaud,2023-01-16,novak djokovic,enzo couacaud,2249229,8174333,0.970873786407767,0.027777777777777776,-0.0013484358144552067,0.9430960086299892
1.208840394,Felix Auger Aliassime,Francisco Cerundolo,1.12,9.4,Felix Auger Aliassime,Felix Auger Aliassime,Francisco Cerundolo,2023-01-16,felix auger aliassime,francisco cerundolo,9321841,11204210,0.8928571428571428,0.10638297872340426,-0.0007598784194529085,0.7864741641337385
1.208840756,Stefanos Tsitsipas,Tallon Griekspoor,1.12,9.6,Stefanos Tsitsipas,Stefanos Tsitsipas,Tallon Griekspoor,2023-01-16,stefanos tsitsipas,tallon griekspoor,9193006,9198585,0.8928571428571428,0.10416666666666667,-0.0029761904761905766,0.7886904761904762
1.208840942,Sebastian Korda,Daniil Medvedev,1.01,1000.0,Sebastian Korda,Sebastian Korda,Daniil Medvedev,2023-01-16,sebastian korda,daniil medvedev,10902223,19924831,0.9900990099009901,0.001,-0.008900990099009909,0.9890990099009901
1.208841756,Denis Shapovalov,Hubert Hurkacz,100.0,1.01,Hubert Hurkacz,Hubert Hurkacz,Denis Shapovalov,2023-01-16,denis shapovalov,hubert hurkacz,19924829,19924838,0.01,0.9900990099009901,9.90099009900991e-05,-0.9800990099009901
1.208842167,Jiri Lehecka,Cameron Norrie,4.2,300.0,Jiri Lehecka,Jiri Lehecka,Cameron Norrie,2023-01-16,jiri lehecka,cameron norrie,13203243,42669524,0.23809523809523808,0.0033333333333333335,-0.7585714285714286,0.23476190476190475
1.208857339,Marton Fucsovics,Jannik Sinner,7.6,1.14,Jannik Sinner,Jannik Sinner,Marton Fucsovics,2023-01-16,marton fucsovics,jannik sinner,4827766,10372253,0.13157894736842105,0.8771929824561404,0.00877192982456143,-0.7456140350877194
1.208864574,Daniel Evans,Andrey Rublev,800.0,1.35,Andrey Rublev,Andrey Rublev,Daniel Evans,2023-01-16,daniel evans,andrey rublev,3103121,7797771,0.00125,0.7407407407407407,-0.2580092592592593,-0.7394907407407407
1.208865484,Tommy Paul,Jenson Brooksby,1.74,110.0,Tommy Paul,Tommy Paul,Jenson Brooksby,2023-01-16,tommy paul,jenson brooksby,8859306,11881072,0.5747126436781609,0.00909090909090909,-0.4161964472309301,0.5656217345872518
1.208870907,Ugo Humbert,Holger Rune,26.0,1.24,Holger Rune,Holger Rune,Ugo Humbert,2023-01-16,ugo humbert,holger rune,9633253,39127965,0.038461538461538464,0.8064516129032259,-0.1550868486352357,-0.7679900744416874
1.20887101,Alexei Popyrin,Ben Shelton,100.0,1.01,Ben Shelton,Ben Shelton,Alexei Popyrin,2023-01-16,alexei popyrin,ben shelton,10706479,39460566,0.01,0.9900990099009901,9.90099009900991e-05,-0.9800990099009901
1.208871106,Michael Mmoh,J.j. Wolf,3.65,1.4,J J Wolf,J J Wolf,Michael Mmoh,2023-01-16,michael mmoh,jj wolf,8798905,35727604,0.273972602739726,0.7142857142857143,-0.011741682974559686,-0.4403131115459883
1.20887491,Benjamin Bonzi,Alex De Minaur,6.0,1.19,Alex De Minaur,Alex De Minaur,Benjamin Bonzi,2023-01-16,benjamin bonzi,alex de minaur,9632014,10706482,0.16666666666666666,0.8403361344537815,0.007002801120448154,-0.6736694677871149
1.208875024,Novak Djokovic,Grigor Dimitrov,1.33,4.1,Novak Djokovic,Novak Djokovic,Grigor Dimitrov,2023-01-16,novak djokovic,grigor dimitrov,2249229,3120169,0.7518796992481203,0.24390243902439027,-0.0042178617274895025,0.50797726022373
1.208886038,Andy Murray,Roberto Bautista Agut,1000.0,1.01,Roberto Bautista Agut,Roberto Bautista Agut,Andy Murray,2023-01-16,andy murray,roberto bautista agut,2256509,4290403,0.001,0.9900990099009901,-0.008900990099009909,-0.9890990099009901
1.208909547,Stefanos Tsitsipas,Jannik Sinner,1.01,1000.0,Stefanos Tsitsipas,Stefanos Tsitsipas,Jannik Sinner,2023-01-16,stefanos tsitsipas,jannik sinner,9193006,10372253,0.9900990099009901,0.001,-0.008900990099009909,0.9890990099009901
1.208919088,Felix Auger-Aliassime,Jiri Lehecka,1000.0,1.01,Jiri Lehecka,Jiri Lehecka,Felix Auger Aliassime,2023-01-16,felix auger aliassime,jiri lehecka,12210252,13203243,0.001,0.9900990099009901,-0.008900990099009909,-0.9890990099009901
1.208927293,Yoshihito Nishioka,Karen Khachanov,100.0,1.53,Karen Khachanov,Karen Khachanov,Yoshihito Nishioka,2023-01-16,yoshihito nishioka,karen khachanov,7137497,7659623,0.01,0.6535947712418301,-0.3364052287581699,-0.6435947712418301
1.208929763,Sebastian Korda,Hubert Hurkacz,1.01,120.0,Sebastian Korda,Sebastian Korda,Hubert Hurkacz,2023-01-16,sebastian korda,hubert hurkacz,10902223,19924838,0.9900990099009901,0.008333333333333333,-0.001567656765676606,0.9817656765676568
1.208960327,Andrey Rublev,Holger Rune,2.24,1000.0,Andrey Rublev,Andrey Rublev,Holger Rune,2023-01-16,andrey rublev,holger rune,7797771,39127965,0.4464285714285714,0.001,-0.5525714285714286,0.4454285714285714
1.208969851,J.j. Wolf,Ben Shelton,50.0,1.01,Ben Shelton,Ben Shelton,J J Wolf,2023-01-16,jj wolf,ben shelton,35727604,39460566,0.02,0.9900990099009901,0.010099009900990108,-0.9700990099009901
1.208972695,Novak Djokovic,Alex De Minaur,1.26,4.6,Novak Djokovic,Novak Djokovic,Alex De Minaur,2023-01-16,novak djokovic,alex de minaur,2249229,10109527,0.7936507936507936,0.2173913043478261,0.01104209799861966,0.5762594893029676
1.208977527,Roberto Bautista Agut,Tommy Paul,1000.0,1.86,Tommy Paul,Tommy Paul,Roberto Bautista Agut,2023-01-16,roberto bautista agut,tommy paul,4290403,8859306,0.001,0.5376344086021505,-0.4613655913978495,-0.5366344086021505
1.209010531,Karen Khachanov,Sebastian Korda,2.08,1000.0,Karen Khachanov,Karen Khachanov,Sebastian Korda,2023-01-16,karen khachanov,sebastian korda,7659623,10902223,0.4807692307692307,0.001,-0.5182307692307693,0.4797692307692307
1.209026301,Stefanos Tsitsipas,Jiri Lehecka,1.18,28.0,Stefanos Tsitsipas,Stefanos Tsitsipas,Jiri Lehecka,2023-01-16,stefanos tsitsipas,jiri lehecka,9193006,13203243,0.8474576271186441,0.03571428571428571,-0.11682808716707016,0.8117433414043584
1.209056619,Tommy Paul,Ben Shelton,1.01,1000.0,Tommy Paul,Tommy Paul,Ben Shelton,2023-01-16,tommy paul,ben shelton,8859306,39460566,0.9900990099009901,0.001,-0.008900990099009909,0.9890990099009901
1.209101622,Karen Khachanov,Stefanos Tsitsipas,260.0,1.3,Stefanos Tsitsipas,Stefanos Tsitsipas,Karen Khachanov,2023-01-16,karen khachanov,stefanos tsitsipas,7659623,9193006,0.0038461538461538464,0.7692307692307692,-0.226923076923077,-0.7653846153846153
1.209134319,Novak Djokovic,Tommy Paul,1.07,15.0,Novak Djokovic,Novak Djokovic,Tommy Paul,2023-01-16,novak djokovic,tommy paul,2249229,8859306,0.9345794392523364,0.06666666666666667,0.0012461059190032042,0.8679127725856698
1.209205488,Novak Djokovic,Stefanos Tsitsipas,1.01,410.0,Novak Djokovic,Novak Djokovic,Stefanos Tsitsipas,2023-01-16,novak djokovic,stefanos tsitsipas,2249229,9193006,0.9900990099009901,0.0024390243902439024,-0.007461965708766005,0.9876599855107462
